{"cameraMode":{"drawMode":0,"name":"Shaded","section":"Shading Mode"},"sceneLighting":true,"audioPlay":false,"sceneViewState":{"showFog":true,"showMaterialUpdate":false,"showSkybox":true,"showFlares":true,"showImageEffects":true,"showParticleSystems":true},"in2DMode":false,"pivot":{"x":-0.3764703571796417,"y":-2.3891828060150148,"z":8.0516996383667},"rotation":{"x":0.04974235221743584,"y":-0.9424864649772644,"z":0.16305525600910188,"w":0.2875291705131531},"size":0.8660253882408142,"orthographic":false}